{"cameraMode":{"drawMode":0,"name":"Shaded","section":"Shading Mode"},"sceneLighting":false,"audioPlay":false,"sceneViewState":{"showFog":true,"showMaterialUpdate":false,"showSkybox":true,"showFlares":true,"showImageEffects":true,"showParticleSystems":true},"in2DMode":false,"pivot":{"x":-1.3968485593795777,"y":0.4962499737739563,"z":32.35708236694336},"rotation":{"x":0.598874032497406,"y":0.15688355267047883,"z":-0.121084064245224,"w":0.7759355902671814},"size":3.632434844970703,"orthographic":false}