{"cameraMode":{"drawMode":0,"name":"Shaded","section":"Shading Mode"},"sceneLighting":false,"audioPlay":false,"sceneViewState":{"showFog":true,"showMaterialUpdate":false,"showSkybox":true,"showFlares":true,"showImageEffects":true,"showParticleSystems":true},"in2DMode":false,"pivot":{"x":-16.152524948120118,"y":-0.5,"z":28.780994415283204},"rotation":{"x":-0.28320688009262087,"y":0.7143713235855103,"z":-0.48591482639312746,"w":-0.41635844111442568},"size":5414.26220703125,"orthographic":false}