{"cameraMode":{"drawMode":0,"name":"Shaded","section":"Shading Mode"},"sceneLighting":false,"audioPlay":false,"sceneViewState":{"showFog":true,"showMaterialUpdate":false,"showSkybox":true,"showFlares":true,"showImageEffects":true,"showParticleSystems":true},"in2DMode":false,"pivot":{"x":0.809999942779541,"y":0.5,"z":18.700000762939454},"rotation":{"x":-0.03920087590813637,"y":0.9104693531990051,"z":-0.40202900767326357,"w":-0.08877836912870407},"size":2.8578836917877199,"orthographic":false}