{"cameraMode":{"drawMode":0,"name":"Shaded","section":"Shading Mode"},"sceneLighting":false,"audioPlay":false,"sceneViewState":{"showFog":true,"showMaterialUpdate":false,"showSkybox":true,"showFlares":true,"showImageEffects":true,"showParticleSystems":true},"in2DMode":false,"pivot":{"x":-0.009205366484820843,"y":13.051727294921875,"z":-4.317047119140625},"rotation":{"x":-0.1437535136938095,"y":-0.0290962103754282,"z":0.004227994475513697,"w":-0.9891766905784607},"size":22.0,"orthographic":false}