{"cameraMode":{"drawMode":0,"name":"Shaded","section":"Shading Mode"},"sceneLighting":false,"audioPlay":false,"sceneViewState":{"showFog":true,"showMaterialUpdate":false,"showSkybox":true,"showFlares":true,"showImageEffects":true,"showParticleSystems":true},"in2DMode":false,"pivot":{"x":24.723281860351564,"y":-0.0559404194355011,"z":29.709918975830079},"rotation":{"x":0.5427114367485046,"y":0.40186744928359988,"z":-0.3308729827404022,"w":0.6591585278511047},"size":37.80942153930664,"orthographic":false}