{"cameraMode":{"drawMode":0,"name":"Shaded","section":"Shading Mode"},"sceneLighting":false,"audioPlay":false,"sceneViewState":{"showFog":true,"showMaterialUpdate":false,"showSkybox":true,"showFlares":true,"showImageEffects":true,"showParticleSystems":true},"in2DMode":false,"pivot":{"x":-4.199999809265137,"y":0.5299999713897705,"z":31.630001068115236},"rotation":{"x":-0.03920087590813637,"y":0.9104693531990051,"z":-0.40202900767326357,"w":-0.08877836912870407},"size":2.8578836917877199,"orthographic":false}