{"cameraMode":{"drawMode":0,"name":"Shaded","section":"Shading Mode"},"sceneLighting":true,"audioPlay":false,"sceneViewState":{"showFog":true,"showMaterialUpdate":false,"showSkybox":true,"showFlares":true,"showImageEffects":true,"showParticleSystems":true},"in2DMode":false,"pivot":{"x":1.3048410415649415,"y":-2.49528169631958,"z":0.898310661315918},"rotation":{"x":-0.11945841461420059,"y":0.8791166543960571,"z":-0.29847919940948489,"w":-0.35184335708618166},"size":15.100003242492676,"orthographic":false}