{"cameraMode":{"drawMode":0,"name":"Shaded","section":"Shading Mode"},"sceneLighting":true,"audioPlay":false,"sceneViewState":{"showFog":true,"showMaterialUpdate":false,"showSkybox":true,"showFlares":true,"showImageEffects":true,"showParticleSystems":true},"in2DMode":false,"pivot":{"x":2.6668760776519777,"y":0.46651744842529299,"z":-0.12328004837036133},"rotation":{"x":-0.1055319607257843,"y":0.8871697783470154,"z":-0.25156891345977785,"w":-0.3721639811992645},"size":5.557884693145752,"orthographic":false}